FID,region_nom_bdd,prefecture_nom_bdd,commune_nom_bdd,canton_nom_bdd,nom_localite,etab_nom,etab_creation_date,geometry
_mview_forets_zones_protegees.fid-7b1c8a4a_193e3fcb1e6_46d0,Plateaux,Wawa,Wawa 1,Tomégbé,KPETE BENA,Forêt classée des Deux Bena,Nsp,"MULTIPOLYGON (((0.6402866912649157 7.598392552226026, 0.6507331470136135 7.594887004299956, 0.6563176188678445 7.587136505675209, 0.6568918915589389 7.585170995256224, 0.6139297197511815 7.424091506943052, 0.6085951285111206 7.4256136737699565, 0.6074459346395865 7.432918728931113, 0.6010994149904708 7.4572551426625715, 0.5959536595939284 7.464759914890751, 0.600989448864586 7.477415746316092, 0.6027142348310639 7.4867303051375504, 0.604864782491395 7.499370475980749, 0.6079761816032607 7.511357464746753, 0.6089782438227826 7.514103820412479, 0.608900974331154 7.5282139287072445, 0.6075325173036067 7.536632154576597, 0.6008412997159769 7.551111999591662, 0.602032192454366 7.556498782612563, 0.6026974785797907 7.5606742457145675, 0.6048284190389598 7.562394839993311, 0.6037389738479011 7.565877823731843, 0.6051492875758616 7.569701787029567, 0.606272005790954 7.572154874788852, 0.6077055972793381 7.57246115806724, 0.6086482697745277 7.575032618449132, 0.6097108833814089 7.577545057833325, 0.610782391681309 7.5784461584629765, 0.6107741638671513 7.579938139704646, 0.612861672792738 7.580964179720518, 0.6135208216325034 7.5807290722192615, 0.6141687926430569 7.582523062810372, 0.6237935582056722 7.5832322601439435, 0.6402866912649157 7.598392552226026)))"
_mview_forets_zones_protegees.fid-7b1c8a4a_193e3fcb1e6_46d1,Maritime,Zio,Zio 1,Gblainvié,GLAINVIE KPETSI,Yohoeve,1884,"MULTIPOLYGON (((1.1897983333333333 6.460094999999999, 1.1897516666666665 6.46056, 1.1892366666666667 6.460395, 1.1892383333333332 6.460268333333333, 1.1897983333333333 6.460094999999999)))"
_mview_forets_zones_protegees.fid-7b1c8a4a_193e3fcb1e6_46d2,Centrale,Tchaoudjo,Tchaoudjo 3,Kéméni,KEMENI,Forêt classée de Kemeni,Nsp,"MULTIPOLYGON (((1.2557018792588794 9.262849860556166, 1.256864856428971 9.263186092043773, 1.2581966526253479 9.263027285849917, 1.2600283803684023 9.262705618062228, 1.2615314247171965 9.261555918300274, 1.2623681600546457 9.26056826499191, 1.2625410286338685 9.259246819385032, 1.2622196550160953 9.256931264178869, 1.2607353245181128 9.254279498181816, 1.2589182788708593 9.251626114458858, 1.2591000896877746 9.248486576591434, 1.2569462830917473 9.246657981333469, 1.2551203417007792 9.245822681232749, 1.2514611457184361 9.245639584262749, 1.2501326844418181 9.245137254710862, 1.2494704975595126 9.244472886989104, 1.248310859242033 9.243475522037315, 1.2473233127040653 9.24132200419808, 1.245669516487884 9.239330515364394, 1.2450188038540246 9.23635221978794, 1.2435264862379303 9.235353220549374, 1.2413703859100629 9.234020399981521, 1.2390528698384884 9.231695075766963, 1.2365706720067628 9.229038366809943, 1.2344187509604791 9.22687911927687, 1.2342622638870533 9.224894950006966, 1.233941890956542 9.222414125955304, 1.2322866043842577 9.22075316244533, 1.2312983777878157 9.218764907075, 1.2303134534178337 9.216115534487122, 1.2298308736236772 9.212807499198917, 1.2291803058724562 9.209829204711507, 1.2278577816830174 9.208169870145763, 1.22586907160684 9.206672536001735, 1.2245358500580443 9.207161816817077, 1.2241940851645765 9.208978241988122, 1.222193823029492 9.209794787814177, 1.2208589324148171 9.210614608367935, 1.2201836240177095 9.212594659469714, 1.2210120436054106 9.213259882849343, 1.2216633680322875 9.216072901529756, 1.223484926261847 9.217734722106306, 1.22513437112768 9.22055266618462, 1.2251228060172779 9.222866566287799, 1.224282785254662 9.224515245868078, 1.2247702676112804 9.22683160885952, 1.2269163369694513 9.230147853793888, 1.2297262179315254 9.233797929907075, 1.2315421261620025 9.236616685432937, 1.2333539412920398 9.24026183251611, 1.2343380990787225 9.243076489414523, 1.2368113038123527 9.247551300451926, 1.2389600550904816 9.25037167567204, 1.2416128658106345 9.252202813360212, 1.2442689861457772 9.253372816346499, 1.2469169373324223 9.256195605015108, 1.250727885923638 9.259354629604832, 1.2557018792588794 9.262849860556166)))"
_mview_forets_zones_protegees.fid-7b1c8a4a_193e3fcb1e6_46d3,Centrale,Sotouboua,Sotouboua 1,Sotouboua,Sotouboua,Forêt classée de Sotouboua,1952,"MULTIPOLYGON (((0.9755195628458924 8.554419961419848, 0.9757659063138953 8.555168685388908, 0.9775205797944849 8.554679574470407, 0.9795281690282529 8.5536934847563, 0.9830492937619563 8.550472961646642, 0.9863239957372364 8.54650367116064, 0.9865886652561527 8.543764434958787, 0.9883667822730405 8.538790736883053, 0.9926541515820732 8.53258428046326, 0.9956782996027591 8.528613553997566, 0.999690523841388 8.527139370238281, 1.0032060526174171 8.524915134685205, 1.005479209402239 8.520940429303735, 1.0077523127400734 8.51696569902948, 1.0100266499175936 8.51274180007094, 1.0115758326863529 8.503531154046138, 1.0116130761403286 8.496305971829413, 1.0139102637776405 8.48759740383604, 1.0147070941218324 8.478632012396869, 1.016245629670818 8.471414437818092, 1.0150084642056463 8.468667483131894, 1.0120196355284619 8.465911619897783, 1.0075127682135192 8.466386964852568, 1.0024989988682522 8.46810541292186, 0.9984861576191106 8.469828917112038, 0.9964752130433804 8.471562648529725, 0.9926970504917345 8.476277062446787, 0.9886439117642016 8.485723804393063, 0.9865899655075941 8.495679090717516, 0.9815679352503398 8.498891994998397, 0.975556570107226 8.499857359504942, 0.9727408668878591 8.511801664106144, 0.9706954292562386 8.52001276179245, 0.9681453687412854 8.528968615318465, 0.9656017430127259 8.536678737026621, 0.9683271201352429 8.541925056350927, 0.9717955125077091 8.548670132148088, 0.9755195628458924 8.554419961419848)))"
_mview_forets_zones_protegees.fid-7b1c8a4a_193e3fcb1e6_46d4,Centrale,Blitta,Blitta 1,Blitta,BLITTA GARE,Tchorogo,1945,"MULTIPOLYGON (((0.9662173745718045 8.352939388940904, 0.9669855437965217 8.355143136132833, 0.9682672407173235 8.357990223403895, 0.9718704958175417 8.363173276684275, 0.9720963856539687 8.369630140827638, 0.9721085101945283 8.36965152639247, 0.9734889068340138 8.369164618408076, 0.9757326606102152 8.370971159854728, 0.9826939847194436 8.375494387972587, 0.9874069929126907 8.379108543552741, 0.9905359881950929 8.384060887596762, 0.9932236338257258 8.387215920643019, 0.9945858845684624 8.385203410938878, 0.9982402783263647 8.375573514410437, 1.0021243225451855 8.365047165334907, 1.0071493991667555 8.351609476318922, 1.0094376159411445 8.34466506363998, 1.0085409895649624 8.343763020114332, 1.0047132933240328 8.343294998069783, 0.9979522599818121 8.343709666811975, 0.991669327402831 8.338741463439423, 0.9860624144404706 8.333776628250757, 0.9802315174725275 8.328586225006173, 0.9755110194351168 8.326542756761619, 0.9725708522380637 8.328771554941612, 0.9720971781692853 8.333256732624514, 0.9711775413424675 8.336842106294153, 0.9682303109540671 8.340417086805912, 0.9675405363658127 8.343106100702288, 0.966381589794654 8.349382765716726, 0.9662173745718045 8.352939388940904)))"
_mview_forets_zones_protegees.fid-7b1c8a4a_193e3fcb1e6_46d5,Centrale,Sotouboua,Sotouboua 2,Séssaro,BOSINAMBO,Forêt classée Aou-mono,1954,"MULTIPOLYGON (((1.2649476720254984 8.667155497984409, 1.2661404565570327 8.664226979888705, 1.265902611610085 8.66148488238731, 1.2676702612195825 8.658253509714369, 1.267681660270181 8.655761723748203, 1.2646825706966103 8.65450221073369, 1.2626919508809946 8.651752159859228, 1.260959754638922 8.647258996984844, 1.2627330579961993 8.642781749516061, 1.2639998350077475 8.639548108001618, 1.2645211209896998 8.635065164829564, 1.2637904694457118 8.630576552353148, 1.2600552695045444 8.626074329152171, 1.2600689562236411 8.623084193068163, 1.2628470122087332 8.617863920013955, 1.2638610169006441 8.615127483541864, 1.2633750513756998 8.61188589878914, 1.26012251512698 8.611372822059408, 1.2621493528437129 8.606149135238612, 1.2621748835416975 8.600550707840219, 1.260685816098174 8.597670279411501, 1.2586795169516276 8.598408759324071, 1.2559061669792901 8.602632313197338, 1.2541239338245573 8.609102978664387, 1.2528480825567936 8.614330013435087, 1.2498436364570253 8.61431634027005, 1.2485780226294976 8.617300755266406, 1.244551372923471 8.621767636448181, 1.243539514840461 8.624005638196751, 1.2400123318869798 8.628723911908915, 1.240503856301289 8.630719611619847, 1.2374842674365132 8.633945089495096, 1.2337134768302767 8.637167071668104, 1.231447256361153 8.639897593461567, 1.2289422483739436 8.640135201060696, 1.2249372667978535 8.639867487782295, 1.22068074790838 8.639847743567941, 1.2171695327509904 8.64107730830629, 1.2129094970070762 8.641804989370717, 1.2084073084903804 8.640787252856656, 1.2024075917491022 8.638765742657384, 1.1996593246390732 8.637506963808605, 1.1959036476129772 8.63748930196901, 1.1911393424122934 8.6389618884502, 1.1873753364779749 8.640688315784177, 1.1838807654244523 8.638429207005434, 1.1803754888052704 8.638412577729794, 1.176359887037926 8.640386864985135, 1.1698404705994359 8.642349145723099, 1.161810284567226 8.646048242995356, 1.154279517033844 8.64999871695079, 1.148254562621558 8.653208797549084, 1.1414881526068308 8.654421820916484, 1.1357158907491758 8.657134561520701, 1.1299447914933767 8.659598037457537, 1.1241600447215487 8.664802155987395, 1.1188833570027075 8.668513671789388, 1.1158613224193468 8.67198706391434, 1.1158451739868085 8.675226110145477, 1.1155798684158171 8.67821476164374, 1.1158190748310512 8.680458414374215, 1.117059868722128 8.682707014876616, 1.1203113102170956 8.683470550077871, 1.1230681672019236 8.682985803410267, 1.1283351795787486 8.681267539438839, 1.1320911479089066 8.68128595534622, 1.1360999830683924 8.680807237853376, 1.140367803713049 8.678585571227948, 1.1441298921091785 8.677358056129236, 1.1463883592530046 8.676372365022582, 1.1481362532947073 8.677377523871046, 1.1508955102697296 8.676394234141734, 1.1544083827525735 8.674916229482475, 1.1569074942712891 8.675924983830747, 1.1598916402467294 8.680175267008357, 1.1616298929401219 8.683173685355257, 1.1648802978421842 8.684186024203735, 1.1668726450535136 8.686438142398725, 1.1723707351306119 8.68870708599263, 1.1746244158031056 8.688717889002945, 1.1771405463621931 8.686238217722629, 1.1791606381761548 8.682759466194083, 1.1831791249903931 8.680286909801245, 1.1861851810776052 8.680052044634017, 1.1896884655572353 8.68056703550951, 1.1929413594797094 8.681080809684536, 1.1946763336355197 8.68482663724139, 1.1974225077523861 8.686583853288987, 1.1999266183772421 8.686595688361775, 1.2046915503434044 8.685123111344023, 1.205449891051516 8.683631629549366, 1.2097080484605731 8.683402472566257, 1.2129669260019693 8.682670231803238, 1.2152312214174188 8.6804382464409, 1.2164938580061044 8.678201560561588, 1.2187534055990459 8.67696623123795, 1.2215102355663325 8.676480736378885, 1.2235263824611313 8.673749171549913, 1.2245326886531276 8.672757141718165, 1.226534764189609 8.673015626794273, 1.229290398407942 8.672779241041495, 1.2305470950492208 8.671788353089726, 1.2335577864320189 8.670556399320704, 1.2358114347755023 8.67056681891403, 1.2370553287820405 8.67231682207743, 1.239052780238848 8.6735719409582, 1.2415649760397889 8.671839261053556, 1.2435717075036739 8.671100957340402, 1.2465754374428755 8.67136394485689, 1.2495849447601008 8.67038102951904, 1.2511000657348557 8.667646975622581, 1.2543622421798861 8.666166807220144, 1.2561081857467502 8.667669874585746, 1.258609956226837 8.668179653975054, 1.2621168028512444 8.667946444484869, 1.2649476720254984 8.667155497984409)))"
_mview_forets_zones_protegees.fid-7b1c8a4a_193e3fcb1e6_46d6,Centrale,Blitta,Blitta 3,Pagala-Village,OBLAOMI,Forêt classée de Mont Balam,Nsp,"MULTIPOLYGON (((0.9194515802400616 8.273365052900086, 0.920536457624039 8.275114402775479, 0.9216179139225502 8.277517622706858, 0.9248977445917397 8.277970605438457, 0.9281889850519532 8.276243984705852, 0.9308271937016936 8.273860055513243, 0.9325867398737241 8.272125449539972, 0.9367542633424668 8.270185304623798, 0.9406950287898646 8.269769696595317, 0.9435383755307287 8.27000230099244, 0.9455008581091477 8.271320189606381, 0.9472513169230516 8.271329184550128, 0.9507635022786025 8.269167541263844, 0.9523075256115698 8.266777816239147, 0.9503540359280553 8.263716272538588, 0.9492724030335842 8.261313095304446, 0.9495002094391404 8.259570529040529, 0.9506122091704262 8.256088754762688, 0.951940734173441 8.253044013668614, 0.9526263108325498 8.247380370912886, 0.9533051227410274 8.243024490750733, 0.9537516735797886 8.241283030170223, 0.9559541423256155 8.238460680345936, 0.9579243766455605 8.23825274558381, 0.9607675424960622 8.238485175186511, 0.9625189888458132 8.23827610513361, 0.9645003674500832 8.235888504467637, 0.9655998857503062 8.234804234399434, 0.9653977917890042 8.231533674064755, 0.9673802245428108 8.228928082321685, 0.9673902258361649 8.22696640858545, 0.9702533024923519 8.223275397949463, 0.9715826298220486 8.2200125593825, 0.9704953675225942 8.218699253649088, 0.9705064489119817 8.216519610816535, 0.9707429514538302 8.21303328508279, 0.9718589747520102 8.208679509120405, 0.9742776689809857 8.206294010802631, 0.9727628186711931 8.203016833874083, 0.9697188007704665 8.199296016656355, 0.9675499111393208 8.195579601212795, 0.9656086798718582 8.190120575343572, 0.9649534911027229 8.189899302023795, 0.962337180041781 8.18814234590455, 0.9621306096714299 8.185743643125488, 0.9599429855379177 8.18573259435479, 0.957527714916213 8.187464129857442, 0.9562017945881021 8.190073037448757, 0.9544427768229851 8.191807868106652, 0.9522529009903006 8.192232693682419, 0.9513678053098782 8.194189908149134, 0.9520096050453113 8.197026747388655, 0.9508979090129445 8.200508578520356, 0.9460794006113057 8.201573883600298, 0.9406135515519826 8.200892087512553, 0.9316463483268965 8.200410231969265, 0.9294778599966035 8.196693697421848, 0.9268605962140587 8.195154497624827, 0.9224853456405893 8.195131980497944, 0.9183198004512713 8.196854204103515, 0.9156855696831627 8.198584296832328, 0.9150213293986833 8.200106600649448, 0.9143184225748096 8.20903942946174, 0.9123415342524731 8.210554918821504, 0.9111918161513423 8.221229094967532, 0.9081118265103619 8.22448250335006, 0.9080878132791163 8.229059570689971, 0.9076101946624127 8.236685732385908, 0.9058186522702849 8.244522986388692, 0.9046833754745072 8.2523636461194, 0.9015938300217519 8.25736056098768, 0.9013612165261522 8.259974865567898, 0.9079078478649715 8.263278562734694, 0.9142277871471769 8.268106730124984, 0.9194515802400616 8.273365052900086)))"
_mview_forets_zones_protegees.fid-7b1c8a4a_193e3fcb1e6_46d7,Centrale,Blitta,Blitta 3,Atchintsè,ASSOUKOKO,Forêt classée Assoukoko,Nsp,"MULTIPOLYGON (((0.621268086055565 7.90223219608415, 0.62001202234072 7.905514645758622, 0.6195925424388576 7.906745855690428, 0.6195453504826758 7.914969591768906, 0.6178460520018924 7.923595081880066, 0.6157460479031769 7.9301622520164115, 0.6123967714178975 7.938778210314439, 0.6132050208355317 7.941661235609962, 0.6135984577148397 7.94495307839846, 0.6110785922563371 7.952751346194629, 0.6031823149363477 7.962985701573932, 0.6027435364722007 7.967506304420846, 0.6023047336690877 7.972026903044359, 0.5993814839432133 7.978177869926735, 0.5984964774384003 7.988452559660708, 0.5989017476184366 7.9896884930749525, 0.6017915342297657 7.9892940785756, 0.603853954186106 7.98930604091216, 0.6050818155211767 7.990957936899242, 0.6058924013282653 7.993429803989833, 0.6054679174854899 7.9954833177014715, 0.6029545292787348 8.002047841411123, 0.6000309398320076 8.008198744313141, 0.600419353732131 8.012312935701427, 0.6020477048318611 8.016023154641596, 0.6024337137491608 8.020548530364623, 0.6003445988553759 8.02505948126044, 0.5965859820978788 8.032850187587078, 0.5928344644858453 8.039407285960166, 0.5952902682050678 8.042711198106973, 0.5969186059198459 8.046421454403504, 0.5972947867436152 8.052591529761889, 0.595605762116287 8.059160686371188, 0.5918611658458972 8.064484165914308, 0.5897618292044282 8.070639651899231, 0.5893053546399767 8.078038361521962, 0.5901085294691315 8.0817437966535, 0.5917246603075541 8.087509973798912, 0.5904649342454437 8.09120324355595, 0.5904453813757742 8.094492638728488, 0.5895835122618213 8.100655376022171, 0.5903523930970803 8.110117257931961, 0.589883408707146 8.119571813860981, 0.5914921686045184 8.12657154767247, 0.596018746128463 8.128654291902837, 0.6009873396095812 8.125805313229517, 0.6067859887439864 8.122138752716596, 0.6113272447345935 8.121754254751979, 0.6117593117932079 8.118467235436274, 0.6113661359586228 8.115175371490347, 0.6138854905096135 8.107788631588539, 0.6135140951524946 8.100796135574274, 0.6160308295937693 8.093820522375132, 0.6168995140421323 8.086424058063315, 0.6194063908305538 8.08109311023917, 0.6202556518474868 8.076986078762, 0.6202869594929428 8.071640689697343, 0.6223714661430291 8.067952020859074, 0.6256840271432405 8.065915249198577, 0.6289893702747323 8.0651120006416, 0.6314719647241714 8.06389276319667, 0.6323114563566379 8.06143040832068, 0.6335730573135538 8.057325678661368, 0.6331820016643417 8.053622604574786, 0.6294761626189044 8.052367597296387, 0.6290947025532284 8.047019782890606, 0.6295454881191721 8.040443171391614, 0.6300081580232266 8.031810615663384, 0.6296337838480894 8.025229237803023, 0.6300701420668969 8.021119736618589, 0.6313434179165021 8.014959035580464, 0.6334321526219965 8.010447809894702, 0.638818549208258 8.00636665465966, 0.6417203314359834 8.00391602614124, 0.6413385674658654 7.99856817820189, 0.6405324748245177 7.995273932898687, 0.6405513836781639 7.991984401372349, 0.6426516360957389 7.985417099768047, 0.6414401158406293 7.980886932080055, 0.6414636984920514 7.976775012032734, 0.641501404639399 7.970195938118868, 0.6415320172370942 7.964850438899111, 0.6411548482104955 7.95868020826471, 0.6420103397663285 7.953339393962478, 0.6457295213391867 7.952126881752601, 0.6482159977643732 7.950084934456165, 0.6498751963634978 7.948449493814658, 0.651140634270638 7.9435221465314765, 0.6519912419397498 7.939003652990629, 0.649129824465209 7.9344641953596176, 0.6487407528602221 7.930349914046074, 0.646699602197574 7.926637510621523, 0.6409466143400019 7.922904108758105, 0.6393203292626054 7.918782840371387, 0.6393390644805594 7.915493299654947, 0.6389383507682646 7.913435002407329, 0.636051420270303 7.913418652913553, 0.6360373537867565 7.915885802869996, 0.6335675263693319 7.915049386916661, 0.6302822770015053 7.912563514181613, 0.6274165367788046 7.9088464042049145, 0.6270205840575065 7.905965736027391, 0.6270346862419829 7.903498601065979, 0.621268086055565 7.90223219608415)))"
_mview_forets_zones_protegees.fid-7b1c8a4a_193e3fcb1e6_46d8,Centrale,Blitta,Blitta 1,Blitta,YOU,Forêt classée de You,Nsp,"MULTIPOLYGON (((0.984806538622707 8.308145082874265, 0.9852973426638927 8.308165998844645, 0.9869664159323005 8.308416539431045, 0.9898111412794949 8.308849781564332, 0.9920509265397707 8.309145455630542, 0.9924203297042214 8.302965388617864, 0.9928706322056737 8.30054402927594, 0.9934132815808404 8.300564204760159, 0.9935222236577533 8.299797353091687, 0.9933744825100693 8.297860666464812, 0.9932437169446378 8.296028710982267, 0.9938035242192034 8.296056166996136, 0.9938018943477981 8.295426695097163, 0.9937008224616297 8.295382940631967, 0.9943908169694986 8.293285872367395, 0.9948642467486403 8.291499864320219, 0.9940844194127555 8.291329288439714, 0.9938448620840064 8.292100145072355, 0.9890385587090118 8.291889343046256, 0.9858234868155866 8.291842014256066, 0.9849833568932487 8.297435309468431, 0.9849103034487647 8.299518468616517, 0.984831219755639 8.302783299426887, 0.9847191657955049 8.30639003420032, 0.984806538622707 8.308145082874265)))"
_mview_forets_zones_protegees.fid-7b1c8a4a_193e3fcb1e6_46d9,Kara,Kéran,Kéran 1,Kantè,ATTETOU,Forêt classée Behao,1954,"MULTIPOLYGON (((1.0433364795261209 9.925076109059237, 1.044003337558544 9.923558111809497, 1.0431378626760217 9.921596345482472, 1.0416171675024815 9.919195927358077, 1.0409735666864146 9.916800630100811, 1.0394541968300994 9.91418280394638, 1.0385952277483903 9.911134010945581, 1.0394942439579393 9.907443252286962, 1.0392878955298674 9.905267922526615, 1.038864870162044 9.902656502841712, 1.0375596522245147 9.900909580758094, 1.0344965170981342 9.899804612703612, 1.0327450557428657 9.899359538008149, 1.0312011937599488 9.900872375455354, 1.0305291614508105 9.903259961948622, 1.0300724838797355 9.906301042498102, 1.0291785666296964 9.90912214215889, 1.0287244563648947 9.911728408957671, 1.029140900500586 9.915426844285063, 1.0321872742576206 9.91935813483956, 1.0341477316290189 9.921543750438364, 1.035660596091301 9.925248619065176, 1.0382802286432784 9.927220672312561, 1.0406870845210276 9.928104404402886, 1.041789928146243 9.927023789244872, 1.0433364795261209 9.925076109059237)))"
_mview_forets_zones_protegees.fid-7b1c8a4a_193e3fcb1e6_46da,Kara,Doufelgou,Doufelgou 3,Léon,ALOUM-LEON,Forêt classée Manda,1954,"MULTIPOLYGON (((1.0116940823304443 9.744158743572559, 1.0124041351256998 9.742770408708388, 1.012075900134776 9.738939195817837, 1.0096381712375344 9.735791927704076, 1.0071984215610112 9.732992756068638, 1.0051095997525001 9.730195624099101, 1.0026678579827235 9.727744539356088, 1.0009320540861348 9.724601341372114, 1.0002551189228899 9.720419987083138, 0.9999311309412525 9.715892581568422, 0.9989033362408347 9.711709177733248, 0.9968188289934379 9.708215824828127, 0.9940326410414326 9.70471835739751, 0.9908956529448041 9.701218820680111, 0.9877628813120329 9.697023063879397, 0.985686873486741 9.692137275719434, 0.984310514357684 9.68760371105716, 0.9815266834383221 9.683758097727095, 0.9784024915439252 9.678169906687932, 0.9749233991840219 9.67327583793523, 0.9738876126181656 9.670484836295767, 0.9697132876352962 9.664542310161139, 0.967982207105751 9.66070286567254, 0.9648395789241321 9.658247513635958, 0.9616844324551196 9.657880724430575, 0.9592246130394746 9.65856235967883, 0.9570987920521651 9.662030826922244, 0.9556787482425849 9.664807253255823, 0.955653514910575 9.668984400119783, 0.9559664640502719 9.675252206548015, 0.958390674291881 9.680488252825175, 0.9629367362594592 9.682952026600715, 0.9685165289128237 9.688554868561257, 0.9730523371934595 9.692759038558433, 0.9807188009980001 9.70150709504183, 0.9838390067765038 9.707791511219964, 0.9869613916388932 9.713727818942662, 0.9939289657994886 9.722123503117372, 0.9980773345703594 9.732591291121725, 1.0015448209555362 9.739573924351697, 1.0053778153293544 9.74412186817112, 1.0099313059929989 9.745540934836301, 1.0116940823304443 9.744158743572559)))"
_mview_forets_zones_protegees.fid-7b1c8a4a_193e3fcb1e6_46db,Kara,Doufelgou,Doufelgou 3,Léon,Kpesside,Forêt classée de Koularo,1954,"MULTIPOLYGON (((0.9787024549874155 9.642347124042278, 0.9766332533442212 9.642676876017319, 0.9752429022049822 9.644720085773182, 0.9738504903533444 9.647105170112578, 0.9741807239543541 9.649500384141264, 0.9748473239076593 9.653265161386063, 0.9768941389026737 9.656696161737699, 0.9779073545984082 9.660121082648207, 0.9792671738746765 9.663206144507983, 0.981320195865746 9.665611482910654, 0.9844211630473304 9.665629678341363, 0.9868330306359046 9.665643811035457, 0.9885639218565392 9.664286349026026, 0.9902988585292759 9.662245101327397, 0.9916892252247343 9.660201828809024, 0.9927390790011043 9.65747276164852, 0.9927593330165178 9.654053884879483, 0.992430991384429 9.651316773929745, 0.9921066994552208 9.647895887954638, 0.9897071097305488 9.645830494601043, 0.9862617810158141 9.645810369584616, 0.982133498080005 9.644760517217781, 0.9787024549874155 9.642347124042278)))"
_mview_forets_zones_protegees.fid-7b1c8a4a_193e3fcb1e6_46dc,Kara,Bassar,Bassar 3,Kabou,BARRAGE KABOU,Forêt classée de Kabou,1954,"MULTIPOLYGON (((0.8413907465356004 9.452720726797427, 0.8412722417031675 9.45271999839344, 0.8421010423671491 9.452842758721284, 0.8426950334750539 9.45261107422201, 0.8435304306513522 9.451674869167542, 0.844248783722288 9.450502608782484, 0.8443797376858279 9.448503072887341, 0.8440322823596154 9.447206603813484, 0.8442810024671328 9.445325457066767, 0.844531912963668 9.443091321583314, 0.8444251189683879 9.44120799354121, 0.8432525517348656 9.439200464025244, 0.8420682808978003 9.439075532354174, 0.840771373207709 9.438008570719902, 0.8391101778424394 9.438351368844367, 0.8375638115690408 9.43928319737849, 0.8364899700189752 9.440453257807413, 0.8363655947939808 9.441393824450405, 0.8365945177499976 9.442689564583201, 0.8369434116691846 9.443750710107224, 0.8375256391612992 9.445401624110689, 0.8377523627616796 9.447050350892415, 0.8384523653425588 9.44881965653771, 0.8386783576965642 9.450586045996406, 0.8396161117867766 9.452239147961102, 0.8413907465356004 9.452720726797427)))"
_mview_forets_zones_protegees.fid-7b1c8a4a_193e3fcb1e6_46dd,Kara,Binah,Binah 2,Sirka,KADJAMADE,Forêt classée de Sirika,Nsp,"MULTIPOLYGON (((1.2788589474954353 9.566695778533775, 1.2805849368477418 9.566020421248135, 1.2819767127873123 9.563291674179922, 1.283716397431158 9.559880726451645, 1.2857988323572933 9.556813409255, 1.287538437894085 9.553402428737213, 1.2913483871422762 9.549317697188096, 1.2934204664225828 9.548301999453697, 1.2975713848955719 9.544902763818516, 1.2989595297944587 9.542857805806658, 1.3017306883916089 9.539793713832893, 1.3017442284183336 9.537058113712455, 1.298988353852295 9.537044664431393, 1.2976188991182058 9.535328185003058, 1.2952194135469632 9.532922749089435, 1.291776325600379 9.532563928464912, 1.2886692054399582 9.53391650600925, 1.286256146398943 9.534246599774322, 1.284538878736136 9.533212281340106, 1.2828250426677184 9.531494062681732, 1.2811129351705692 9.529433891952243, 1.2759647224617843 9.525646969262201, 1.2759544262819893 9.527698642980504, 1.275591069665807 9.531458339644768, 1.2738583842376001 9.533501482813662, 1.271793251023155 9.53314929149722, 1.2690495184045631 9.530742000990232, 1.2680350693441245 9.526975480909073, 1.2656324234789917 9.525253774425137, 1.264239009889997 9.52832440952217, 1.2628542163719005 9.529685318274732, 1.2597505223516585 9.530353737269975, 1.2580177635598835 9.532396786001916, 1.2555873467715306 9.536146081697146, 1.2552254842486603 9.539563772566774, 1.2555543118616708 9.542642973295923, 1.260030845663477 9.54300733108808, 1.263472215555068 9.543708421211882, 1.2679418805111504 9.545440456303512, 1.269302564312251 9.548866752582923, 1.2685911212887708 9.553308593461942, 1.268553083685728 9.560831354553818, 1.270955965179356 9.562553084262838, 1.2743906684352075 9.564621882584353, 1.2788589474954353 9.566695778533775)))"
_mview_forets_zones_protegees.fid-7b1c8a4a_193e3fcb1e6_46de,Kara,Kozah,Kozah 4,Djamdè,DJAMDE,Forêt classée de Kindja,1954,"MULTIPOLYGON (((1.1121935440141604 9.553178468371396, 1.113234471455518 9.551816420660085, 1.1139346915663164 9.54976867121471, 1.1135996400672967 9.548057230826592, 1.114297965257052 9.54635139296956, 1.1156814375807522 9.545333113258492, 1.1177500620563035 9.545002384057511, 1.119816809848926 9.545013557534807, 1.121885433142882 9.544682802588056, 1.1246429715836839 9.544355747888197, 1.1260282804751993 9.542995502440027, 1.1260338855686836 9.541969751356074, 1.1246654079979705 9.540252746758318, 1.1236395259153036 9.538879512240648, 1.121935976827075 9.535451063439831, 1.1205656704797025 9.534075967173411, 1.1205769019970058 9.532024470344059, 1.1205862596630225 9.53031488945889, 1.1195660342166258 9.527915902939423, 1.1185402027387905 9.526542663493, 1.1192365689151316 9.525178716591832, 1.1195903628878559 9.523470993817073, 1.1195997169066887 9.521761413068035, 1.1185720274402493 9.520730092768638, 1.1151408175581987 9.51831809083316, 1.1130854932528715 9.516255430811269, 1.1106914016717453 9.513165155416305, 1.107617909435612 9.508361568856836, 1.1069159061264495 9.510751233116835, 1.1051712028289813 9.514844854095484, 1.1034170184845558 9.520648022378156, 1.1006237781642845 9.527471277170555, 1.0988732018738891 9.532590567436488, 1.097130144261012 9.536342191672423, 1.0946924479187516 9.541115762005619, 1.0926010298247473 9.545549278958525, 1.095017903851226 9.544536755947012, 1.0970884166927088 9.543864241321714, 1.0998459335242028 9.543537386534908, 1.100873610704142 9.54456876316385, 1.1032791153866113 9.545607651445028, 1.1049976135890205 9.546300861324344, 1.1077381668819837 9.5490511660697, 1.109102799194498 9.55145205394167, 1.1104712205806806 9.553169112355045, 1.1121935440141604 9.553178468371396)))"
_mview_forets_zones_protegees.fid-7b1c8a4a_193e3fcb1e6_46df,Kara,Assoli,Assoli 1,Bafilo,BAFILO,Réserve Forestière de Doumboua,1954,"MULTIPOLYGON (((1.23996618529364 9.346875392816337, 1.241977670225022 9.346386515748977, 1.2423656159182142 9.344143648264593, 1.241751579496695 9.3413969800383, 1.2420145818353499 9.339028782981018, 1.2421563957687856 9.335787012141086, 1.2436761994683785 9.333175601664987, 1.2441890360428605 9.331058053462378, 1.24243937446832 9.329428174616602, 1.241444930776973 9.327427892110606, 1.2395678697073653 9.326171505902098, 1.237434708124051 9.325911525848852, 1.234174708325885 9.325022393652635, 1.2302869677904726 9.324130113755501, 1.2266528772656051 9.322740220333493, 1.2227733980960753 9.3202266859378, 1.2183873553027507 9.31858354880338, 1.2150063863190599 9.316820694356235, 1.2122512926397586 9.315435081216824, 1.2089946693890172 9.313922221349587, 1.2059783530460444 9.314530587638908, 1.2043373183877453 9.316268234788618, 1.2044494845116602 9.318887671823934, 1.2065704459368043 9.321517233882298, 1.2093191928652927 9.324149947821622, 1.2128155800535527 9.327908781555367, 1.216559979849695 9.332292381951552, 1.219428742744322 9.336048028565024, 1.221172608859749 9.338800360065434, 1.22266538353492 9.34155143153485, 1.2242868980903672 9.34367959779569, 1.2261595511837362 9.345809014504598, 1.228665706924094 9.346819200406491, 1.2312999599588665 9.347331170428946, 1.23443646910182 9.347845620195145, 1.236947067818744 9.347982805955091, 1.2394608061677785 9.347496438669326, 1.23996618529364 9.346875392816337)))"
_mview_forets_zones_protegees.fid-7b1c8a4a_193e3fcb1e6_46e0,Kara,Dankpen,Dankpen 3,Nawaré,SADJIBOU,Forêt classée de Sadjibou,1955,"MULTIPOLYGON (((0.6258934362738894 9.560009116282297, 0.6268225920435488 9.559555896723685, 0.6263659821144858 9.558633639859021, 0.6228904248159911 9.559069443968587, 0.6198682603100562 9.560887017414622, 0.6177752377767805 9.562251365983103, 0.6142868336858484 9.56452524296174, 0.6114848463949973 9.567952706598714, 0.6086795849131527 9.571839673835738, 0.6045045879762915 9.572959776341593, 0.6008022488088333 9.57270441099765, 0.5973411117376143 9.571072000635546, 0.5922482351331255 9.571036697180354, 0.5876361992230179 9.568477104333459, 0.5869465897251218 9.567782976581901, 0.5837203331436484 9.565692535043718, 0.5811950793555879 9.562687848367613, 0.5789062281405353 9.558995471105455, 0.5770706251630536 9.556684909016093, 0.5726757396538915 9.556194684291212, 0.5703641973336815 9.555718979042286, 0.5678146572187153 9.556160694175516, 0.5654949607071633 9.556833773949087, 0.5629454146399012 9.557275449663079, 0.5592433845784155 9.557019689980484, 0.5566922005854277 9.557691079011112, 0.5539095321993145 9.55836081702175, 0.5499711098262975 9.558792608689892, 0.5476579744395393 9.55854651580153, 0.5471884324195901 9.559462287236604, 0.5441775687682675 9.559670785368573, 0.5418594905762641 9.560113930457307, 0.5400109722932137 9.559641303015342, 0.5353814364408211 9.559608486370324, 0.5333014627542499 9.559134183738205, 0.5314579440671707 9.557972243310063, 0.5302922822803625 9.559112802954724, 0.5289050910220695 9.558873169359863, 0.5258959228671904 9.558851751095208, 0.5258809732040594 9.560919557192845, 0.5238043448154701 9.559985687215942, 0.5214929288940992 9.559509667131383, 0.5191815231911148 9.559033633263022, 0.5173347391809606 9.558331139585597, 0.5147835410250017 9.55900219732636, 0.5117777447409675 9.55852114896443, 0.5104039559045522 9.556443416778315, 0.507629666135521 9.555963997994764, 0.5053149779433704 9.555947388045238, 0.5041760573239313 9.553411799830789, 0.5025725450958605 9.551102638992349, 0.4991156726276909 9.549009915371611, 0.4933828843704104 9.54161622712396, 0.4874441052752042 9.530774587523394, 0.4817505455395236 9.518096616267126, 0.4735014688451606 9.506778732341324, 0.4716635332778784 9.504927353441719, 0.4679606870431597 9.504900529677963, 0.4626209273452413 9.50715935961322, 0.4549464339547319 9.512158157867546, 0.4479643334599709 9.517391550594414, 0.4391305607013888 9.522611151785052, 0.4372585207011692 9.525354439154473, 0.4388682924815638 9.526744794428769, 0.4416421162278122 9.527224676858637, 0.4439547863872348 9.527471402116026, 0.4455834008772359 9.526334569289727, 0.4474383207554857 9.525888649268861, 0.4471966360960933 9.52726541059038, 0.44950249430724 9.528431072566885, 0.4499414823821203 9.53165086495144, 0.4485186646123032 9.536235553607373, 0.4487261863431722 9.539453649681638, 0.4493966031827191 9.542675139725937, 0.449374379214847 9.5456617973469, 0.4500362488857583 9.550032004575607, 0.4481503757798164 9.554613270839068, 0.4453591748870936 9.556430800942938, 0.4425627974707442 9.558937525120943, 0.4420758349293269 9.562150495787902, 0.4434371302514774 9.56583658779666, 0.4441023275015837 9.569747308996547, 0.4457088626038138 9.571597174931192, 0.4463654938970534 9.576656609953261, 0.447028996761065 9.580797079544187, 0.4462933211262964 9.586305767759798, 0.4448803628881984 9.589511907679087, 0.4432513902971618 9.590648654428245, 0.4421008773400161 9.589721142584265, 0.4388636095070352 9.58923770935237, 0.4353879717169082 9.589671493271164, 0.4337572497714502 9.591037926318, 0.4330472480172772 9.593100432637597, 0.433026491313674 9.595857304025179, 0.4313957266485457 9.597223715302015, 0.4295299998278733 9.599047872854662, 0.4274449097029248 9.599262126071554, 0.4274327680387629 9.600870293433553, 0.4251022921127638 9.602920709588433, 0.4223070762528361 9.605197388485104, 0.4185806472735075 9.608156330680806, 0.4162535600371738 9.6097471872388, 0.4164693540536539 9.611816542355953, 0.4183125643392392 9.612979066229167, 0.4185266247409887 9.61527815990765, 0.4192071601325811 9.617121241434939, 0.4191827507871806 9.620337551741219, 0.418007819317222 9.622626258953986, 0.4175256216460055 9.625149891995994, 0.4158824108970691 9.628124325120442, 0.4156351788174253 9.630190211864747, 0.4137621630760632 9.632933152790942, 0.4121346298385419 9.633839933727167, 0.4100528422575527 9.633594553527628, 0.4082060717868549 9.632891433347112, 0.4084270538149286 9.634271579191122, 0.4095775637276363 9.635199216542853, 0.4116611114314128 9.63521486722723, 0.4132816509839482 9.63522703129842, 0.4151354481085509 9.635011188296534, 0.4165349741272565 9.633643186349023, 0.4177029842739544 9.63227344205516, 0.4190780424966349 9.634121731302091, 0.4204723162955689 9.63344291763215, 0.4200232687006177 9.631601561909958, 0.4211895143557617 9.6304615367858, 0.4230363183280749 9.631164591004714, 0.423276537971007 9.630017635669086, 0.4207456950030062 9.627930971911514, 0.4216839079541112 9.626329736634474, 0.4240006646324976 9.62611729126204, 0.4260806999009606 9.62659231550564, 0.4297847417349971 9.626619928607235, 0.4318665337103845 9.626865182190981, 0.433243405785569 9.62848369093197, 0.4351075870882972 9.626889292185044, 0.4371876600539927 9.627364254632344, 0.4387995349624146 9.628524988471787, 0.4425019053253999 9.62878221111595, 0.4464409801838637 9.628351885595416, 0.4494540266960093 9.627914667212837, 0.4517639332278705 9.628621002278006, 0.4531564286408062 9.62817177573071, 0.4547890350687825 9.626575536847307, 0.4573442153734795 9.62544559712553, 0.4582599334103821 9.626830879887613, 0.4614924707354932 9.6280034618464, 0.46473361012575 9.628027296500845, 0.4663404746109484 9.629877160940616, 0.4656219366032965 9.633088483461584, 0.4663267635112409 9.631715119228584, 0.4681788693224128 9.631728722002503, 0.4677055631138257 9.633103792301236, 0.4688494327503857 9.634950253331763, 0.4706964245657285 9.635653083599177, 0.4718437407365599 9.637040049449068, 0.4739205616638792 9.637974311116777, 0.4755343573173466 9.638905171357623, 0.4771652430903316 9.637538560150453, 0.4785611847148039 9.636629738091559, 0.4801818159619666 9.63664158958684, 0.4831949722528842 9.636204083918207, 0.4850471267285785 9.63621760238869, 0.487134205292031 9.635773301970831, 0.4885233233521349 9.63578342544138, 0.4899141417645261 9.635563794416031, 0.4917730922122136 9.634658278927093, 0.4933920342553902 9.634899815492881, 0.4938432013079633 9.63651142915283, 0.4922123683879816 9.637878137804773, 0.4935964101190117 9.63857749159825, 0.4928950528441696 9.63949143690769, 0.4926550409849336 9.640638499040087, 0.4933496127270358 9.640643552881373, 0.4952153736657953 9.638819024611454, 0.4966112919337577 9.637910118458368, 0.496366209106771 9.639746436754898, 0.4963526462445548 9.641584436632996, 0.4986695938372781 9.641371503760176, 0.5007600940453504 9.640467622854613, 0.5014698949264687 9.638404902173946, 0.5014868077662508 9.636107392850478, 0.5038071015279224 9.635434912354581, 0.5063673491701716 9.63361532942401, 0.5098418613393955 9.633410675969555, 0.5112360457571615 9.632731447448228, 0.5140143098684681 9.632751488410356, 0.5156349667277479 9.632763168659622, 0.5179518737056471 9.632550087664782, 0.5191061311954858 9.633017926262225, 0.5195523929274107 9.63531879896869, 0.520726795609982 9.633029582913908, 0.5223441091565253 9.633500741255743, 0.5234967035293876 9.634198322273834, 0.5246593536516678 9.633517370386304, 0.5260451542692907 9.633986850988176, 0.5272211847219996 9.631467844983112, 0.5281489521046516 9.631244728335856, 0.5302209708808073 9.6328679489715, 0.5316151329804837 9.6321886271403, 0.5330276463838393 9.628981976260853, 0.5358009258306148 9.629691105218063, 0.5381128375538071 9.630167152435675, 0.5404330778632302 9.629494396576849, 0.5436810726629847 9.628598459920296, 0.5448586185573212 9.625849597042485, 0.5464726446883812 9.626780159948245, 0.5487713091220637 9.629094208848784, 0.550178688674644 9.626576722283726, 0.5527221499339376 9.627054315139304, 0.5554806163978159 9.629831136035566, 0.558966741571479 9.628017642693072, 0.5612754154515888 9.628953062637262, 0.5638090426454236 9.6308091529898, 0.5668172854817253 9.631060162586627, 0.570071863375309 9.62924491195702, 0.5737812659371807 9.62858169647486, 0.5786532265063034 9.627237270956634, 0.5798256032208481 9.625177511370733, 0.5803050171610628 9.622883110827065, 0.5842458818302906 9.622221383383879, 0.5838073177409946 9.618771661372557, 0.5863720289742921 9.61626204708295, 0.5893753264225199 9.617202131681927, 0.5924014132738454 9.614925457201352, 0.5972747784947422 9.613350933929887, 0.5993471439964401 9.614973795175406, 0.602120588210091 9.615682397118187, 0.6046835515624558 9.613402376682131, 0.6055870126364536 9.616625564400266, 0.6097948580305602 9.61091018246802, 0.6153852411997146 9.60612337936742, 0.6200510004876658 9.601100304611183, 0.6258726018247431 9.596314847426545, 0.6282085503101937 9.593343668730418, 0.629623191461017 9.589676806008658, 0.629883432470319 9.585542465338792, 0.6296949943219693 9.57933699294696, 0.6299775057721055 9.571985814397515, 0.6284159640683605 9.56347311645655, 0.6258934362738894 9.560009116282297)))"
_mview_forets_zones_protegees.fid-7b1c8a4a_193e3fcb1e6_46e1,Kara,Kéran,Kéran 3,Nadoba,NATIWAH,Forêt classée de Natiwah,1958,"MULTIPOLYGON (((0.9783853284482545 10.2085492045058, 0.9825882056366886 10.20531093508099, 0.9818475711954987 10.20216761721449, 0.9836384453510484 10.199542141924367, 0.9855607549121674 10.196164162694854, 0.9829183425726222 10.193134661629134, 0.979636004714474 10.191105587734846, 0.9776407862850439 10.185945722629722, 0.9755434334280639 10.176893197542576, 0.9760898791785549 10.170619112977146, 0.974115350535391 10.16219510306216, 0.9698505247514206 10.155263512359157, 0.9693777196003361 10.149861979194064, 0.9653371998163718 10.147577064803874, 0.96269055638542 10.145300767674618, 0.9555987811415593 10.144628923096786, 0.9527960166016967 10.146996858955768, 0.9502346455439421 10.151249484584213, 0.9520977772324342 10.157161864078237, 0.9566299852037439 10.161835423160259, 0.9602768879533768 10.166252334185902, 0.9625275755440553 10.171037180761639, 0.9654143175439648 10.1754493332281, 0.9670362742958563 10.179476969711516, 0.967642072095319 10.183874936373792, 0.9682470796003105 10.188398447714995, 0.9690944161911599 10.194681147812576, 0.9680558997260055 10.198566694530799, 0.9690506531685139 10.201586050157525, 0.9733365412283528 10.205253606139971, 0.9767417228504361 10.207911268992191, 0.9783853284482545 10.2085492045058)))"
_mview_forets_zones_protegees.fid-7b1c8a4a_193e3fcb1e6_46e2,Kara,Kéran,Kéran 3,Warengo,Watema,Forêt classée de Wartema,Nsp,"MULTIPOLYGON (((1.1160601099994167 10.073643648530627, 1.1175833505438784 10.073150090304955, 1.1206501748634783 10.068647380482975, 1.1229625677128066 10.063135861850085, 1.1245422614026888 10.052848858531993, 1.1263563692035443 10.045827729587655, 1.1197920340218142 10.041772609357377, 1.1144466797698127 10.046011279350264, 1.1156902406582678 10.050036275219286, 1.1131244949653238 10.055546297290439, 1.1082811798358245 10.06054102842085, 1.1077451730707637 10.065560337609636, 1.1115181311344327 10.070353171415888, 1.1160601099994167 10.073643648530627)))"
_mview_forets_zones_protegees.fid-7b1c8a4a_193e3fcb1e6_46e3,Kara,Doufelgou,Doufelgou 1,Siou,BIRGOU,Forêt de Biragou,1954,"MULTIPOLYGON (((1.2052933333333333 9.813233333333333, 1.2053580574614342 9.813044407621295, 1.205497328849885 9.812993442439721, 1.2055848488868364 9.81287326592856, 1.2058166275899793 9.81285151435425, 1.2058798998787597 9.812932276131196, 1.2062503007749223 9.812980195500627, 1.2063431173954287 9.812951963059298, 1.2064638091237754 9.813124945009852, 1.206474186462235 9.813349045869376, 1.20644386950517 9.813601655125927, 1.2064487026774495 9.813779768492267, 1.2062569065814794 9.813905137891757, 1.2061057119660932 9.81401923262628, 1.2058566509949311 9.814023658436664, 1.2057001596074852 9.814045808668372, 1.2054921951325763 9.813947046119294, 1.2053600756165095 9.813745279508863, 1.2051636323619714 9.813658067364251, 1.20514681498315 9.813554572528593, 1.2052694547744098 9.813365645044469, 1.2052933333333333 9.813233333333333)))"
_mview_forets_zones_protegees.fid-7b1c8a4a_193e3fcb1e6_46e4,Kara,Bassar,Bassar 1,Kalanga,KALIGHA,Forêt Tiyadja,Nsp,"MULTIPOLYGON (((0.6941419769739907 9.271779588340447, 0.6936801907874778 9.272419381369819, 0.6940406489176757 9.272797960816304, 0.6938922897980951 9.273768997890487, 0.6933186125618045 9.274627550471749, 0.6938208784189791 9.275038399822314, 0.6945005037343833 9.274870331403733, 0.6948704850151396 9.273790981006371, 0.6954134178900822 9.272806807948342, 0.6952159659006667 9.271629736024838, 0.6941419769739907 9.271779588340447)))"
_mview_forets_zones_protegees.fid-7b1c8a4a_193e3fcb1e6_46e5,Maritime,Bas-Mono,Bas-Mono 2,Agbétiko,ABLOGAMÉ,Dagbazé,Jadis,"MULTIPOLYGON (((1.740393465392423 6.4737674272894, 1.740479158935315 6.473646825829607, 1.7405621495321724 6.4736323874996735, 1.7405672620292783 6.473538433753156, 1.740518719390032 6.473435804564462, 1.740400611340542 6.473345206303848, 1.7402786560801806 6.473330259750991, 1.7402724778688807 6.473361973347831, 1.7401662786770504 6.473388557504692, 1.7401172793941833 6.473470198949964, 1.7400047053118453 6.473607818458874, 1.7401032644149872 6.473710571747612, 1.7402152123927073 6.473825561663142, 1.740393465392423 6.4737674272894)))"
_mview_forets_zones_protegees.fid-7b1c8a4a_193e3fcb1e6_46e6,Maritime,Zio,Zio 1,Gbatopé,GATI,Sove,1886,"MULTIPOLYGON (((1.3185516666666668 6.49922, 1.318765 6.499203333333332, 1.3189866666666668 6.4990266666666665, 1.3191950000000001 6.499196666666667, 1.3194583333333334 6.499436666666666, 1.318854567632848 6.5002824901252465, 1.318552424289504 6.499231644760267, 1.3185516666666668 6.49922)))"
_mview_forets_zones_protegees.fid-7b1c8a4a_193e3fcb1e6_46e7,Maritime,Bas-Mono,Bas-Mono 2,Agbétiko,AGOME SEVA,Agueno,Nps,"MULTIPOLYGON (((1.7464204386149635 6.471036931168648, 1.7460222204634825 6.470977345045174, 1.7459119538792247 6.470555127434778, 1.7460180385523802 6.470297533642554, 1.7459134713103812 6.46993979400795, 1.7462715909407815 6.469630078783239, 1.746926690801514 6.4700477796755145, 1.7474119597189801 6.470441619905748, 1.7473049372388263 6.471080135005069, 1.7468943090267393 6.4713018160311035, 1.7464204386149635 6.471036931168648)))"
_mview_forets_zones_protegees.fid-7b1c8a4a_193e3fcb1e6_46e8,Maritime,Bas-Mono,Bas-Mono 2,Attitogon,ADIDOME,Adidomé,1980,"MULTIPOLYGON (((1.6760209284821719 6.43678277099621, 1.6761429847916298 6.436709613758261, 1.6762292419215938 6.436747785221718, 1.676290444667458 6.43679961758267, 1.6762692185840844 6.436893221238832, 1.6761827795206699 6.436925293301894, 1.6761229755245062 6.4369566269836795, 1.6760801699714378 6.436968627064809, 1.6760278386224123 6.436919239881749, 1.675995748608754 6.436844875696591, 1.6760209284821719 6.43678277099621)))"
_mview_forets_zones_protegees.fid-7b1c8a4a_193e3fcb1e6_46e9,Maritime,Zio,Zio 1,Gbatopé,HAVE,Golove,1884,"MULTIPOLYGON (((1.2500295071983218 6.528876137162444, 1.2502534582272027 6.529090169091149, 1.2517275821246243 6.529583091131247, 1.2516550389224115 6.529885481118778, 1.251825651353786 6.53075441298821, 1.2527935603884288 6.532172656080535, 1.2528346670066604 6.532467778937258, 1.2531232798297414 6.533180053287539, 1.253548846035358 6.53342415465072, 1.2536971302750688 6.533369759440326, 1.2537803131519798 6.533312584363824, 1.2541744059011786 6.533428878972958, 1.254960561064403 6.5335107776902825, 1.2553395733451702 6.533558062714268, 1.2557651299087518 6.5334369484343755, 1.2565483944620526 6.5328790712963904, 1.256962623890332 6.5327106685289555, 1.2572379743922775 6.532461335197528, 1.2576507412484754 6.5319775141457015, 1.2581504616569021 6.531084084729918, 1.2574156794595475 6.529438076983393, 1.2571263670131798 6.528557241045809, 1.2561376269204227 6.5283597186933395, 1.2541502229605106 6.528250675992411, 1.2542633713267848 6.52765089151318, 1.254243794119898 6.5274056451107505, 1.25431587226593 6.526868289814186, 1.254324093877716 6.526706142894874, 1.2548407758752107 6.525337741907738, 1.2547911456240637 6.5252915990234435, 1.2547325318805036 6.524521381851774, 1.254564275044459 6.5244454577819315, 1.25447743641777 6.5244528188474655, 1.2532833492579438 6.523833181503398, 1.253196260374117 6.523544284205113, 1.251930364935307 6.5244899613155, 1.2514447930973969 6.524985018081962, 1.251226031048404 6.525483554116684, 1.25122497676298 6.525787469248269, 1.2509924144958353 6.526215723793026, 1.2510426658184337 6.526818627860271, 1.2509085160938578 6.527583066806303, 1.2503045829619215 6.528338212005006, 1.2500295071983218 6.528876137162444)))"
_mview_forets_zones_protegees.fid-7b1c8a4a_193e3fcb1e6_46ea,Maritime,Bas-Mono,Bas-Mono 2,Agbétiko,AGBETIKO DOGBOYOU,Forêt de Dagbaze,Nsp,"MULTIPOLYGON (((1.7117976707109044 6.493703840453171, 1.7115543766517114 6.4934042095309055, 1.7116302111731119 6.493341950609101, 1.7117077402996104 6.493357287693704, 1.7115504002974475 6.493136928743825, 1.7113250209746294 6.493260770831897, 1.7112006038937622 6.493276253010986, 1.7110146941128568 6.493406119929395, 1.7111232679848771 6.493926800894214, 1.7112247472054438 6.494062867416882, 1.7110659040932212 6.494239013791336, 1.7110879559737275 6.494465416963488, 1.7114605132814815 6.4947809876469185, 1.711712314399927 6.494532646626184, 1.7117941713649625 6.494376675401294, 1.7117947411227779 6.4941525932220445, 1.711690814769187 6.494088951624252, 1.7117182097493484 6.493993955544716, 1.7117885110380204 6.493933020683747, 1.7117976707109044 6.493703840453171)))"
_mview_forets_zones_protegees.fid-7b1c8a4a_193e3fcb1e6_46eb,Maritime,Zio,Zio 2,Bolou,BOLOU CENTRE,Bape,1880,"MULTIPOLYGON (((1.1616083333333334 6.423455, 1.1608966666666667 6.42352, 1.1609733333333334 6.4245816666666675, 1.1614683333333335 6.424365, 1.1617033333333335 6.423611666666667, 1.1616083333333334 6.423455)))"
_mview_forets_zones_protegees.fid-7b1c8a4a_193e3fcb1e6_46ec,Maritime,Zio,Zio 1,Gbatopé,KODJO,Mariatodji,1996,"MULTIPOLYGON (((1.2515388953053828 6.473450552172197, 1.2519360720624224 6.47466285039629, 1.2514969624864603 6.47497648268353, 1.2514496031857165 6.474943941767429, 1.2513752736154982 6.47522429359163, 1.2507408603082453 6.475199730462724, 1.2501411949413974 6.4738491143790675, 1.2515388953053828 6.473450552172197)))"
_mview_forets_zones_protegees.fid-7b1c8a4a_193e3fcb1e6_46ed,Maritime,Zio,Zio 1,Gbatopé,KODJO,Nanave,1700,"MULTIPOLYGON (((1.2483050000000002 6.474608333333333, 1.2478583333333333 6.47454, 1.2477966666666667 6.474478333333334, 1.2483083333333334 6.4729399999999995, 1.2485 6.472825, 1.2486983333333332 6.472941666666666, 1.2491183333333336 6.473168333333333, 1.2489366666666666 6.473596666666666, 1.2485849999999998 6.473526666666667, 1.2485716666666666 6.473838333333333, 1.2487483333333333 6.4740866666666665, 1.2487199999999998 6.4740866666666665, 1.2483983333333333 6.474316666666666, 1.2483050000000002 6.474608333333333)))"
_mview_forets_zones_protegees.fid-7b1c8a4a_193e3fcb1e6_46ee,Plateaux,Ogou,Ogou 1,Houdou,BLAKPA,Forêt classée de Blakpa,1920,"MULTIPOLYGON (((1.19784479680152 7.627061146821548, 1.1991727309290883 7.627564302722393, 1.201003585228063 7.627074296443459, 1.2035029058516813 7.625757681135275, 1.2033408059485398 7.624761755502273, 1.2033525668622325 7.621941922173169, 1.2028641921510776 7.619451763674814, 1.201203083468319 7.619113114938364, 1.2012058523599822 7.618449625387297, 1.2015438861299907 7.617124027099335, 1.2028752565028635 7.6167978029532915, 1.2032105182458337 7.6161356921407215, 1.2035589053364115 7.6123220006534575, 1.2032485112614724 7.607012697601707, 1.2005982767210843 7.6046794544460505, 1.1990972433246125 7.605834351406585, 1.195771677147741 7.605986404748194, 1.1936056540537188 7.607138511269886, 1.1892833203942335 7.607120484283358, 1.1871249436333466 7.60644796991209, 1.1853123036489146 7.6026252879254415, 1.1838238031468864 7.60079444765763, 1.1799981805152842 7.601276041680791, 1.1765036372135937 7.60209073769472, 1.173508509330145 7.602741632219831, 1.1721778859237753 7.60290190147144, 1.173162697364874 7.605891760796226, 1.1736487900927928 7.608879520044445, 1.175639495664984 7.6098831399917035, 1.1788044187852182 7.608403588347184, 1.1829632897613263 7.60775754293963, 1.1846026925243593 7.613238246839021, 1.1854136772451795 7.618051986534921, 1.1883998559825233 7.619557356807155, 1.19304159315998 7.622728370545949, 1.19784479680152 7.627061146821548)))"
_mview_forets_zones_protegees.fid-7b1c8a4a_193e3fcb1e6_46ef,Plateaux,Ogou,Ogou 1,Djama,WETRIVI-KODJI,Forêt classée,Nsp,"MULTIPOLYGON (((1.1474996958179497 7.556769468619091, 1.147649735358689 7.5547917494695165, 1.146816347576051 7.550972813097326, 1.1459823645930824 7.54729518656467, 1.145441226567514 7.5413578268598735, 1.145450251571772 7.5392381992503985, 1.1444656521728205 7.537679602981177, 1.144471669326075 7.53626651847966, 1.1457484908591642 7.535706686087562, 1.146458302451555 7.535285759425117, 1.1474549192588201 7.53401817779583, 1.1480261268164311 7.532890104435238, 1.1490281305548011 7.530350736968236, 1.1490353261670423 7.5286550305915725, 1.1487611203475294 7.526534201009322, 1.1476343267608238 7.5251163257507345, 1.1457953490421129 7.524684615402733, 1.1445119543154543 7.526798849849648, 1.1423861699569995 7.527213775025932, 1.140688190784007 7.526923950902152, 1.139267385711952 7.528048404422863, 1.1371434063768526 7.528039377654638, 1.1350115759930495 7.529867341217786, 1.133587120603316 7.5318396158867085, 1.1324422189506207 7.534660935876826, 1.130031984307591 7.535357194794495, 1.1286080931753206 7.53718813567854, 1.1291666085500003 7.539027551473259, 1.129154469348331 7.541853695306609, 1.1281632530206316 7.5418494535038345, 1.126320600183047 7.542265490770339, 1.1271604884820283 7.544530042689006, 1.1270109805728195 7.5463664268046315, 1.1275700990099822 7.548064538134086, 1.1296965938336532 7.547508406538166, 1.1304021866402791 7.548076665382416, 1.1301080449012857 7.550618983289989, 1.1288299500799976 7.551461368193066, 1.130381535803359 7.552881111093281, 1.130665962893168 7.552599709121123, 1.132226057240388 7.552041144867817, 1.1334999046424838 7.552187901141872, 1.1353304826191863 7.554597994568266, 1.1377444615445524 7.553053884194881, 1.1397251429553061 7.553486258484206, 1.14184502188847 7.554484459929465, 1.145095364826307 7.556052702225697, 1.1474996958179497 7.556769468619091)))"
_mview_forets_zones_protegees.fid-7b1c8a4a_193e3fcb1e6_46f0,Plateaux,Agou,Agou 1,Gadja,AVETONOU,Wouto,1939,"MULTIPOLYGON (((0.7957256582800537 6.792902781820706, 0.7976938185652039 6.793108561491839, 0.7990784251737836 6.791737066014173, 0.800272378238719 6.788986908101535, 0.802057024312231 6.78623942087921, 0.8054266722901071 6.781333987467494, 0.8064227583189189 6.778779727177156, 0.8076228449746469 6.774651756474342, 0.8100078406107915 6.769741802869133, 0.8118082899197608 6.763451389635333, 0.8159855234556075 6.754022349587197, 0.8181707438756753 6.749701887656545, 0.8166106123161864 6.746348798379934, 0.8156385144866111 6.743588832119778, 0.810126541448295 6.743367291880511, 0.8004790952244021 6.743323891564701, 0.7928005610613795 6.743289212371918, 0.7874864628008859 6.742871489410405, 0.7855292418951976 6.740303876640199, 0.7851613833616629 6.734594264972128, 0.7842126942639894 6.726716941491995, 0.781275618263457 6.723160771750492, 0.7810698109150774 6.725128090068359, 0.7806546071905185 6.729850008422151, 0.7790724255749559 6.731417421177396, 0.7780566794102679 6.7383016683357075, 0.7784325128823777 6.742239872823393, 0.780189222058772 6.745593891509342, 0.7817293400391196 6.75327707704986, 0.7826985345393134 6.756627517148576, 0.7840624133299257 6.759782931152073, 0.7860089115904869 6.764712428402409, 0.7859945618493586 6.767861571296903, 0.786184279067595 6.769437039492594, 0.7857860026300902 6.770419352453235, 0.7847979361133622 6.771202150576013, 0.7838008802216623 6.773953156459882, 0.7833953994971615 6.776510032574897, 0.7831751098772827 6.7816264783308515, 0.7837415027707875 6.786943343664557, 0.7868892313430704 6.7875482003434495, 0.7908227897799209 6.788550273353626, 0.7918001246290525 6.790129336053418, 0.7957256582800537 6.792902781820706)))"
_mview_forets_zones_protegees.fid-7b1c8a4a_193e3fcb1e6_46f1,Plateaux,Haho,Haho 2,Djemegni,KPOVE,Djemegni,1941,"MULTIPOLYGON (((1.285625594795531 6.963224605541613, 1.286057216739684 6.963226170279072, 1.2860595652811528 6.962579245105021, 1.2869321954915767 6.959994671051908, 1.2873708510674768 6.958055456701465, 1.2854379622311178 6.9554607223621465, 1.2830695655162498 6.9539426276658025, 1.2809185591567918 6.951994025731465, 1.2789794517545394 6.951124407455791, 1.2768151197784632 6.952841687317044, 1.2759401016639917 6.956073155024897, 1.2750650665251975 6.959304617747393, 1.2791654221651627 6.959319550050562, 1.2823962777217215 6.96105644431043, 1.285625594795531 6.963224605541613)))"
_mview_forets_zones_protegees.fid-7b1c8a4a_193e3fcb1e6_46f2,Plateaux,Haho,Haho 1,Atchavé,NOTSE,Nuatja Sud,2005,"MULTIPOLYGON (((1.1535349015092216 6.912269907125361, 1.1712175289663673 6.915141353458779, 1.179414544792595 6.915819671500018, 1.1790019833652123 6.910858538569652, 1.1805305449901726 6.9061204529774525, 1.179696298652068 6.898570113215327, 1.1782065154761785 6.893173605963251, 1.1791098913479778 6.8826110327639665, 1.1793502983712771 6.876142954047726, 1.179403614782324 6.8621269974146575, 1.1804913848623626 6.8597591574554695, 1.1679753560649326 6.860358427615983, 1.1668867043540163 6.862941851042565, 1.165341737129594 6.871992469824379, 1.1633651486839596 6.881041408249617, 1.1622581378409733 6.888368613356859, 1.1611660299974984 6.891814506588592, 1.1605154123187669 6.892674524523475, 1.1564175649547563 6.892227462052026, 1.1553120495432327 6.8991233587559035, 1.1548554562107216 6.905590495103248, 1.153327500633565 6.9101128048348075, 1.1531041945427771 6.9120526072003505, 1.1535349015092216 6.912269907125361)))"
_mview_forets_zones_protegees.fid-7b1c8a4a_193e3fcb1e6_46f3,Plateaux,Haho,Haho 4,Wahala,WAHALA,Wahala-agbatitoe,1950,"MULTIPOLYGON (((1.1751155889924698 7.143612584504906, 1.1767368286759927 7.150200682265171, 1.1771258191412992 7.155961195376936, 1.1758739393135267 7.160069785615154, 1.1729746203636884 7.164171823389678, 1.1704887413293745 7.1678641217936985, 1.1737852197734706 7.167465878022947, 1.174600740220157 7.169525889941807, 1.1770620666345482 7.17200379122842, 1.1799450878863924 7.172015223872067, 1.1807802393953792 7.169139041645531, 1.1824260415252794 7.169556910616338, 1.1849037116132342 7.167921277695335, 1.186556025174521 7.16669372888185, 1.1865592786213357 7.165871027398868, 1.1886169375619726 7.166290497159244, 1.1910848379382533 7.167122931353817, 1.1935689537852436 7.163841831029408, 1.1948158521697503 7.160967214200262, 1.1956476460057996 7.15891368109303, 1.1977133683673316 7.15727633741593, 1.2006011659868407 7.156053555062648, 1.2014280899396423 7.155234065404352, 1.2014345326804012 7.153588648035872, 1.1973160485242982 7.153572544029413, 1.194016416252015 7.154793692320865, 1.1911383401520623 7.153548319046498, 1.1886705064519938 7.1527159029612895, 1.1853789970676072 7.151880231536684, 1.1837332489499646 7.151462388117236, 1.1812670767619289 7.1502185886423915, 1.1751155889924698 7.143612584504906)))"
_mview_forets_zones_protegees.fid-7b1c8a4a_193e3fcb1e6_46f4,Plateaux,Haho,Haho 1,Dalia,AMAKPAPE,Amakpape,1952,"MULTIPOLYGON (((1.2030313760955296 6.832673947703342, 1.2045624829974624 6.827073109261893, 1.2231074599768004 6.829513847119097, 1.2259073557160598 6.830817996341397, 1.224807949465894 6.836420554557963, 1.2461559682328567 6.839517775370201, 1.2584498756586766 6.840640637472771, 1.2672926323539957 6.841535137724917, 1.2739204433542608 6.798214440670438, 1.2792266416970686 6.76200492089722, 1.2790132114899493 6.761357229861969, 1.2604706970089428 6.758703586179756, 1.243870755448694 6.755840652635933, 1.235464227875981 6.754085145035784, 1.2322387413551403 6.751270128672832, 1.2316049193704464 6.747601945878162, 1.2324818245938702 6.743723599098844, 1.2407183230504437 6.73275565922926, 1.239427219068683 6.731888444725176, 1.2368388003256967 6.731879114083397, 1.2327303339328965 6.734667601885987, 1.2307858899292676 6.735523125295664, 1.2236457490298245 6.741535116239678, 1.213487930635809 6.746888995169001, 1.2076400951193096 6.753336661873003, 1.2039555668049016 6.75806710748273, 1.1998523109892831 6.7593457731805096, 1.1976792370421905 6.763650456812687, 1.1929183709671216 6.767729873029818, 1.1875078734484243 6.7724537031547465, 1.1859914331932482 6.774173122024158, 1.1827347254983982 6.779767442379745, 1.1796928395330355 6.785578160238477, 1.1779354513339377 6.793981274362156, 1.1779127095883497 6.800018930342827, 1.1783230281027084 6.80562694936795, 1.1772240454401184 6.8110136443254286, 1.1757049744299588 6.813379876986528, 1.1756911126882386 6.817045589373777, 1.1765360992902318 6.821792714060151, 1.1780315626293252 6.825679765902251, 1.1793129359467998 6.829134742957906, 1.1803875502542753 6.8302169699043676, 1.1911688331275947 6.831767007386244, 1.1972055366010177 6.83286781403577, 1.2021676015909133 6.8328863606701065, 1.2030305708217466 6.83288958096035, 1.2030313760955296 6.832673947703342)))"
_mview_forets_zones_protegees.fid-7b1c8a4a_193e3fcb1e6_46f5,Plateaux,Haho,Haho 2,Asrama,ASRAMA,Asrama,1941,"MULTIPOLYGON (((1.4018877894805195 7.000281966732858, 1.4042047004200136 6.999223071921112, 1.4070135536263293 6.998369962436957, 1.4093958303060234 6.996005790679668, 1.412211217325681 6.993211746686675, 1.414595622928464 6.990200569824448, 1.41655485523936 6.9852470217580045, 1.4169966793333495 6.982229290212038, 1.4189464268899556 6.980079246195658, 1.4211083746402995 6.979008193576579, 1.423487590198613 6.9775065368255405, 1.4256531214676966 6.9753571743768745, 1.429118648905085 6.9717025070031, 1.4323675762621426 6.968262743222991, 1.434320772937212 6.965034316901887, 1.4334624712212152 6.9635218529846945, 1.429797716443641 6.962215739075305, 1.4259229118126482 6.959183627395816, 1.4220438390349612 6.957445434275884, 1.4183762920912415 6.9570018740464965, 1.4151411256408677 6.956344076623271, 1.4106095951155968 6.956113223725187, 1.407156456234483 6.956101615936073, 1.4037055083780587 6.955443018976946, 1.4013314861416393 6.95543500747418, 1.3983107381350492 6.955209139712961, 1.3957187080082842 6.955847331563279, 1.3937697348092226 6.9577816268975585, 1.3874932845497028 6.962936011327015, 1.3784021005931215 6.970668481981347, 1.3785726551013051 6.983823982696777, 1.3785258089273758 6.997410038149529, 1.3778686162903138 7.000211276474782, 1.3789455735769813 7.000861951562129, 1.3806678195850515 7.002161810117997, 1.3821757222715647 7.003029617984009, 1.3823871027481753 7.004324272340592, 1.3838920449282326 7.006054685372221, 1.3864776935408942 7.007357498198073, 1.3888549225763902 7.006503033712921, 1.392528675348799 7.0052216797229425, 1.3951202555076851 7.004799223049423, 1.399009829773039 7.003518548033884, 1.4018877894805195 7.000281966732858), (1.4022599364661366 6.999863441313978, 1.4018877894805195 7.000281966732858, 1.4013943721763766 7.000507470323016, 1.4022599364661366 6.999863441313978)))"
_mview_forets_zones_protegees.fid-7b1c8a4a_193e3fcb1e6_46f6,Plateaux,Haho,Haho 2,Asrama,TETETOU,Tetetou Nord,1941,"MULTIPOLYGON (((1.4709821353907844 7.057590936226438, 1.4739097292061298 7.058918589559981, 1.4765503782882636 7.058341409202966, 1.4802200644635857 7.05688884869624, 1.4822733632582596 7.05660262466686, 1.4857959545828268 7.055295988362212, 1.4890253397175695 7.053988372471688, 1.4918182414467804 7.051654146455321, 1.4954892661849155 7.049762087447251, 1.4985776593612439 7.046696489888513, 1.4999106594052325 7.042453602131995, 1.5009626628992394 7.03440199589927, 1.499797932109449 7.031908545032991, 1.4992303734218262 7.026048562105188, 1.4995390426452946 7.021216562822834, 1.4991133646140107 7.016821575954897, 1.498825825919485 7.015063206376651, 1.4970710443708397 7.013739505236049, 1.4772899657203693 7.011332527331897, 1.4769782418177593 7.017043173268508, 1.4762195880014113 7.024949153470928, 1.4734282504134024 7.026843953789332, 1.4663930913955066 7.026528082023817, 1.4549541344038759 7.028101476166721, 1.4480646423419892 7.028078709254256, 1.4493683631942582 7.03276945059707, 1.4516889903493089 7.040246125721868, 1.4550615037681056 7.039964373674563, 1.46047032668089 7.044522200397835, 1.4650078981341443 7.0465874450707116, 1.4669082958202955 7.0482046530966915, 1.4683612298864346 7.052163620446612, 1.4698170684783927 7.055243885309431, 1.4709821353907844 7.057590936226438)))"
_mview_forets_zones_protegees.fid-7b1c8a4a_193e3fcb1e6_46f7,Plateaux,Haho,Haho 1,Hahomégbé,HAHO BALOE,Haho-baloe,1947,"MULTIPOLYGON (((0.9873648485490448 6.994300935048658, 0.9848770461242206 6.995919115550456, 0.9840222793169988 6.998789114383204, 0.9839637750037823 7.004135805371142, 0.9856058489842159 7.0045650752899675, 0.9884918568286738 7.004185252056121, 0.9921966610298644 7.0042256761675885, 0.999610783678149 7.003895149347697, 0.9995793698105991 7.006774164590259, 1.0024474621724622 7.00803941053754, 1.0065550168423252 7.008906791307232, 1.0090338986632272 7.008111075743961, 1.0127163955608427 7.0102078030531985, 1.0156024647484814 7.009827816870938, 1.01848853416257 7.009447811620355, 1.0230435727830298 7.007029177760691, 1.0263546808232944 7.005419696873646, 1.0288469236568023 7.003389975811174, 1.0321981144268229 6.998078773967292, 1.0322426823280895 6.993965809711675, 1.033938266470417 6.9894593503576585, 1.0347971728837482 6.986177871541153, 1.034828334488325 6.983298790451884, 1.0352933758482121 6.97836766801323, 1.0353289693399785 6.975077287395294, 1.035377899066401 6.970553013111609, 1.0387198044564223 6.966064269171241, 1.0395741496859736 6.963194056280816, 1.0400168606473053 6.9603194013160845, 1.0408844963501362 6.956215282219169, 1.0413493699981275 6.951284123337975, 1.043031303264267 6.9480114566380795, 1.0471872833163014 6.944354047092668, 1.050103959063452 6.941094614348847, 1.0517813594046734 6.93823319067802, 1.052639957944077 6.934951612114398, 1.0547377537392006 6.9312719798247935, 1.054768696924497 6.928392856218877, 1.051493628117628 6.926712298940423, 1.046957257481833 6.927486267369214, 1.0399069988920546 6.932346612661689, 1.03575555037758 6.935592675423412, 1.033635395216247 6.941328665695531, 1.0298776423781182 6.9462242678947215, 1.027403568747817 6.946608900681388, 1.0241018355719707 6.947395919371087, 1.02039294849762 6.947767166232318, 1.0175250982404782 6.9465021167309144, 1.0146438895176977 6.946470932831351, 1.010952873566993 6.945196937807458, 1.0077091965253475 6.94063705187167, 1.0019021963685746 6.944687464787343, 0.9957014141172265 6.947088152640318, 0.9964977535954318 6.9495648263166405, 0.9960503407062317 6.95285065764001, 0.992708244110485 6.9573390137542725, 0.993500087047418 6.960226979099751, 0.9951196359909125 6.962712613053875, 0.9950703431088415 6.967236775524721, 0.9933835351858513 6.970920442609663, 0.9904797865366276 6.9729455004659355, 0.9892090239345778 6.976222334294077, 0.9904034872139106 6.979937363724273, 0.9920006115297897 6.9844794528007, 0.9915306134680283 6.989821687505601, 0.9873648485490448 6.994300935048658)))"
_mview_forets_zones_protegees.fid-7b1c8a4a_193e3fcb1e6_46f8,Plateaux,Kpélé,Kpélé 1,Kpélé-Govié,ASSIME,Forêt classée d'assime,1953,"MULTIPOLYGON (((0.7366234837999721 7.185921529189574, 0.7371988284361192 7.184225675948579, 0.7350959442442326 7.1795438906643225, 0.732847855946042 7.17556917835887, 0.7296126023572047 7.170598687394425, 0.7272256687584694 7.166057060673541, 0.723566750838788 7.160801357929453, 0.7192021014142657 7.154975929487612, 0.7165255455246774 7.151706871658764, 0.7147000543767532 7.148300476116328, 0.7131559120685361 7.145320144418723, 0.7085003219730964 7.1410503639527665, 0.7090756507592514 7.139354557944615, 0.7097926906398452 7.137659453192926, 0.7057082891110581 7.132543180048085, 0.7031750587139516 7.128991714886237, 0.7004966211081436 7.12614729819352, 0.6979521557706391 7.124860641165277, 0.6972400617346161 7.125564865494248, 0.695670617019444 7.127680355007661, 0.6927017390833067 7.126250000298792, 0.6903018558024369 7.124397814989592, 0.68929285360867 7.127790056455619, 0.6936653895102084 7.131916967421591, 0.6973435834853546 7.133209312175003, 0.7005959538816012 7.1346410675895315, 0.6995940470261117 7.1366178380467895, 0.6953354938536762 7.138012130144042, 0.6967399009227639 7.140567118219174, 0.7001269531191967 7.143415109815971, 0.7030853563149803 7.146968726908767, 0.7073037477701284 7.153642825127287, 0.7120799640686267 7.162159918267805, 0.715429867742554 7.172510147962827, 0.7223259793882856 7.182311798246726, 0.7288210661664253 7.187298506250552, 0.7353394576327235 7.187613878723883, 0.7366234837999721 7.185921529189574)))"
_mview_forets_zones_protegees.fid-7b1c8a4a_193e3fcb1e6_46f9,Plateaux,Ogou,Ogou 1,Djama,Campement,Forêt classée Kanaville,Nsp,"MULTIPOLYGON (((1.1681351753086113 7.530764235566852, 1.17253790126496 7.530562988940378, 1.1716741086435654 7.526605842126754, 1.1675044232873084 7.5237330939946965, 1.16551072245519 7.526799721299283, 1.1644010437405987 7.528991477119363, 1.1681351753086113 7.530764235566852)))"
_mview_forets_zones_protegees.fid-7b1c8a4a_193e3fcb1e6_46fa,Plateaux,Anié,Anié 2,Adogbénou,KPATALA,Forêt Kadjotse de Kpatala,2021,"MULTIPOLYGON (((1.5408816666666667 7.7824383333333325, 1.5424733333333331 7.783195000000001, 1.5445674510864367 7.779579569409278, 1.542851504316885 7.778624307743471, 1.5408816666666667 7.7824383333333325)))"
_mview_forets_zones_protegees.fid-7b1c8a4a_193e3fcb1e6_46fb,Plateaux,Anié,Anié 2,Atchinédji,TCHAMIN,Forêt Tchamin,2019,"MULTIPOLYGON (((1.386325 7.653858333333333, 1.3863766666666666 7.653883333333333, 1.38642 7.654158333333333, 1.3864666666666667 7.654271666666666, 1.38656 7.654415, 1.3865066666666666 7.654455, 1.3863383333333335 7.654478333333333, 1.38611 7.654456666666666, 1.3859533333333334 7.654416666666666, 1.385915 7.654168333333333, 1.3858666666666668 7.653891666666667, 1.3858466666666667 7.653688333333334, 1.3858833333333334 7.653473333333333, 1.3860133333333333 7.653436666666666, 1.38613 7.653485000000001, 1.3862316666666668 7.653498333333332, 1.3862866666666667 7.653528333333332, 1.3862983333333332 7.6535649999999995, 1.386325 7.653858333333333)))"
_mview_forets_zones_protegees.fid-7b1c8a4a_193e3fcb1e6_46fc,Plateaux,Kloto,Kloto 3,Agomé-Yoh,KOUMA KONDA,Missahohe,1953,"MULTIPOLYGON (((0.559454292336461 6.888859608853236, 0.5583490347353686 6.891983048949626, 0.5581517900713893 6.893314271988297, 0.5582776154875376 6.894640384718858, 0.5578403404771725 6.895864205760463, 0.5592817830267486 6.89925152918542, 0.5621677637617825 6.9054297363386015, 0.561251032004157 6.909633416956303, 0.5625700813321131 6.911031915953367, 0.5625979712345565 6.912059299859015, 0.56176281681797 6.913281084471812, 0.561887448652302 6.914839152045821, 0.5618791195317495 6.916462812019143, 0.5653495327846374 6.918601343374092, 0.5652867206805244 6.91889529532162, 0.5661962013184793 6.918810879583476, 0.5651743895208191 6.919945752969445, 0.5654229217026846 6.920142980706244, 0.5650762276439324 6.921708847387639, 0.564500100095573 6.92282818481944, 0.5634971033975386 6.923767191491907, 0.5609114242208968 6.926256264646842, 0.55869736512996 6.928169265038704, 0.5578928515485073 6.930091511907031, 0.5527524552737832 6.931346966652212, 0.548681748038071 6.929911968359204, 0.5491356141391561 6.930662898464509, 0.5492080913441891 6.932742682011887, 0.5482848739741563 6.934235088142293, 0.5479090698861149 6.934482675409148, 0.546336402664278 6.932811022696408, 0.5458728534455554 6.933931504583342, 0.5446993023349084 6.935547368538068, 0.5498212205677824 6.9454275816485005, 0.5652230580340933 6.951897490240871, 0.581933829597534 6.961238480101279, 0.5852356781382609 6.9610909129686975, 0.5892690111775194 6.958936935850131, 0.5943867134996323 6.957766633266698, 0.5960836847239755 6.956436742580715, 0.5975297417956957 6.954276961315117, 0.5956099199924316 6.949263704262328, 0.5923093366025769 6.946123734235933, 0.5916644764249196 6.9412444400279805, 0.595153579641413 6.932370566321883, 0.5966482075428843 6.926896578210106, 0.592122369023164 6.920149212734131, 0.592122369023164 6.920149212734131, 0.5863961097342044 6.911196778703448, 0.5799712994385838 6.895420798113682, 0.5714455528759587 6.8903799157540595, 0.559454292336461 6.888859608853236)))"
_mview_forets_zones_protegees.fid-7b1c8a4a_193e3fcb1e6_46fd,Plateaux,Haho,Haho 3,Kpédomé,AZAKPE,Azakpeve,1878,"MULTIPOLYGON (((1.2419583333333333 7.0580050000000005, 1.2430883333333334 7.057273333333334, 1.2432766666666666 7.05777, 1.2434016666666667 7.058800000000001, 1.24324 7.0595766666666675, 1.24283 7.060361666666667, 1.2422383333333333 7.0605, 1.24206 7.05985, 1.2419349999999998 7.0589183333333345, 1.2418433333333332 7.058168333333333, 1.2419583333333333 7.0580050000000005)))"
_mview_forets_zones_protegees.fid-7b1c8a4a_193e3fcb1e6_46fe,Plateaux,Kloto,Kloto 2,Lavié,HUIME,Forêt de Huime,2018,"MULTIPOLYGON (((0.6780884424443779 7.017540804489727, 0.6784400564887879 7.018352779314632, 0.6789208034763901 7.018898610066906, 0.6791215390374151 7.01904049831241, 0.6795644943650373 7.019082945850733, 0.6798487958634217 7.018621412029071, 0.6800724671651878 7.018199833661605, 0.6803349292588956 7.01808036465165, 0.6808583580465966 7.018143336541882, 0.681781865140921 7.018771865827732, 0.6821224103521752 7.019155978605723, 0.6823292988830267 7.019767360697731, 0.6824939604869564 7.019850645498858, 0.6828586651942152 7.019539057849409, 0.6830405684645118 7.019473979784015, 0.6841281530822725 7.019858718985625, 0.6850342444334268 7.020226066012885, 0.685922281487213 7.020906713198013, 0.6866446797488558 7.0217020019438126, 0.6881290887600321 7.022148169349544, 0.6899440158142995 7.022945386709133, 0.6915837502669953 7.023719839714248, 0.69232470856176 7.0245555530095585, 0.6923606512373949 7.026154169484841, 0.6911659338920272 7.027107183445344, 0.6885777118522864 7.029296486655348, 0.6868953569384232 7.029586765138327, 0.6851425463507729 7.029018257938802, 0.6834698088154174 7.027367773654066, 0.682234399919272 7.027921507690805, 0.6802558252406757 7.02768777540829, 0.6778382907011671 7.025585715127332, 0.674629337646244 7.024897990056183, 0.6723846829256932 7.025595978092636, 0.6682072027718619 7.024380882673663, 0.6653862913227819 7.025310894208226, 0.6636035673228674 7.02637834197369, 0.6589181008177537 7.026301135818337, 0.6571332088439276 7.027799073386441, 0.6570053066755839 7.027811440685055, 0.6557157324013397 7.0266075288442655, 0.6541029221147772 7.0252725424140765, 0.6539461693791152 7.024236118113297, 0.6542088517288651 7.023525430749966, 0.6549876491608353 7.023238054186313, 0.6552832045004734 7.022430438644772, 0.6541204447233593 7.021777346270314, 0.6529562283885112 7.021415518200192, 0.6529920248802497 7.02073605935027, 0.6555224089170311 7.019939624487167, 0.6586357878783471 7.0191460840821644, 0.6603735754838234 7.018389567353746, 0.6612015068096209 7.018301826053884, 0.6616988161545198 7.018138938579163, 0.6620859790868069 7.017938753226381, 0.6621621003530477 7.017424657250798, 0.6625313327600135 7.017132511277583, 0.6631387868995359 7.017006918783786, 0.6637079980393532 7.0171751211971, 0.6644444451984215 7.016995046872346, 0.6650354346527843 7.01648351239683, 0.6656066611700805 7.016247490904213, 0.666177429597205 7.016103337112163, 0.6663827209367938 7.015498010445182, 0.66715731445017 7.015042507565185, 0.6695398829141519 7.014631729063602, 0.6736302398186487 7.015215145358024, 0.6751429316741664 7.01522264255559, 0.6759122033318364 7.0154366593158946, 0.6766131874706273 7.015717595820154, 0.6769552296964104 7.015915147100782, 0.6771010215530947 7.016160691049854, 0.677262500078601 7.01653688447777, 0.677636482947048 7.016881487004319, 0.6779137568140688 7.016964466961257, 0.6780884424443779 7.017540804489727)))"
_mview_forets_zones_protegees.fid-7b1c8a4a_193e3fcb1e6_46ff,Plateaux,Kloto,Kloto 2,Lavié,KOULOPE,Forêt Koulope,Nsp,"MULTIPOLYGON (((0.6839975236256717 7.032352049918025, 0.6851765019690668 7.0294237982549195, 0.6835641785175975 7.027847610572611, 0.6822463551051008 7.0281446169231545, 0.6803225051480931 7.028135093104104, 0.6772455305063924 7.025843412739835, 0.6747665582756464 7.02547700581812, 0.6727893342054084 7.026023649096748, 0.6680863178163106 7.024937937098217, 0.6659564601583988 7.025635550971155, 0.6639250734260442 7.026890100014793, 0.65972304983612 7.026869127238978, 0.6580969164490015 7.028075081659281, 0.6595511663639646 7.030864621519427, 0.6594916730679136 7.032634859992852, 0.6587755404544122 7.034098293322783, 0.6600392007352177 7.034509307307124, 0.6621642938590921 7.034772862600976, 0.6630239520951715 7.034979503990265, 0.6639947310627974 7.033213809963065, 0.6654160940971886 7.032462097470565, 0.6674401866225051 7.0326745359536105, 0.6687005778411299 7.033743143223299, 0.6696594784139435 7.034354963807155, 0.6698032876049 7.035974466945635, 0.6709634453757265 7.036840224796875, 0.6717669396315493 7.038159490453405, 0.6726266136866016 7.038366117601577, 0.6747081742076506 7.03721296374363, 0.6768401032743558 7.036110634668643, 0.6780607156713251 7.035003771465649, 0.6788793125335297 7.0332878605356015, 0.6802517963461703 7.032181740552779, 0.6817182534566254 7.032543117751937, 0.6828318217794178 7.032599218938497, 0.6839975236256717 7.032352049918025)))"
_mview_forets_zones_protegees.fid-7b1c8a4a_193e3fcb1e6_4700,Plateaux,Moyen-Mono,Moyen-Mono 1,Ahassomè,GAME,Kounovi,Nsp,"MULTIPOLYGON (((1.495830387081563 7.265619761645048, 1.4963731068817272 7.265473877607953, 1.497036388431456 7.2654581749957705, 1.4964795186534414 7.266870736235195, 1.497430640797255 7.2670953849300854, 1.49766403509253 7.266385524708344, 1.4975640665456256 7.2658775981479184, 1.4981577481477515 7.265205846798492, 1.4984036711946858 7.264421317728766, 1.4991297888565402 7.262702180908392, 1.5009198515493907 7.262129969179786, 1.5004090232039873 7.2609977170212625, 1.4994847937153895 7.2603908382664555, 1.499169958037779 7.258347074187108, 1.498196707075265 7.257007735417001, 1.4977085682491458 7.257047195419657, 1.4972184849425099 7.257648132342764, 1.496531535783616 7.258576558627323, 1.4962411068764794 7.25921838255536, 1.4961943363948271 7.2598136102470985, 1.4962582525210715 7.260311491465725, 1.496381507482268 7.260711345055241, 1.4963775687346101 7.261162921128902, 1.4963274825151196 7.26184854097546, 1.4960999960908659 7.262294849934605, 1.495865899857476 7.263011642290152, 1.4957902948529862 7.263841923752187, 1.495714830366802 7.264629769638823, 1.4957009559913066 7.265151079501983, 1.495830387081563 7.265619761645048)))"
_mview_forets_zones_protegees.fid-7b1c8a4a_193e3fcb1e6_4701,Savanes,Kpendjal-Ouest,Kpendjal-Ouest 2,Tambonga,NAKPATOLE,Nakpatole,2014,"MULTIPOLYGON (((0.4445283333333334 10.931975, 0.4446933333333333 10.932060000000002, 0.4454866666666666 10.931569999999999, 0.4455883333333333 10.931565, 0.4459083333333334 10.931115, 0.4459666666666667 10.930784999999998, 0.445895 10.929908333333334, 0.445715 10.929906666666666, 0.445605 10.930344999999999, 0.4450733333333333 10.930436666666667, 0.445 10.930438333333333, 0.4443483333333334 10.930640000000002, 0.4440066666666667 10.93098, 0.4439566666666667 10.931603333333332, 0.4440453555779071 10.931846078996147, 0.4441410510446446 10.93192145558994, 0.4445283333333334 10.931975)))"
_mview_forets_zones_protegees.fid-7b1c8a4a_193e3fcb1e6_4702,Savanes,Kpendjal-Ouest,Kpendjal-Ouest 2,Namoundjoga,KPANKAGONI,Douli,Nsp,"MULTIPOLYGON (((0.4324431065000706 10.84502881992553, 0.4324716128537237 10.845053039457758, 0.432484852028342 10.845096953291707, 0.432484852028342 10.845096953291707, 0.4324636300142063 10.845118310904446, 0.4324609711545264 10.845139823358746, 0.4324694439245524 10.845162162801856, 0.4324534383837613 10.845181361519744, 0.4324281016806372 10.845220793473526, 0.4324043857686633 10.845244332681625, 0.4323710880138208 10.845259471758801, 0.4323389431905166 10.845255532935566, 0.4323160334686483 10.845242616815025, 0.4323093716150579 10.845240114124866, 0.4322985407729324 10.845262047827527, 0.4322890529646006 10.845300633129073, 0.4322583942566636 10.845325582674494, 0.4322232062249306 10.845330183360044, 0.4321944419238945 10.845307185210245, 0.4321816100900498 10.845273552660569, 0.4321771141915386 10.845249288696976, 0.4321817573211901 10.845227303380147, 0.432191365245065 10.84520364649934, 0.4321930361786799 10.84518188109853, 0.4322204709939399 10.845157638798096, 0.4322460897039731 10.845143169812014, 0.4322617004824955 10.845112221652538, 0.432257196222702 10.845088936466077, 0.4322668584343027 10.845058917529022, 0.4322992162549644 10.845037897537411, 0.4323290551286114 10.84502199547494, 0.4323697467890531 10.84501058874993, 0.4324374409487419 10.84502559141428, 0.4324431065000706 10.84502881992553)))"
_mview_forets_zones_protegees.fid-7b1c8a4a_193e3fcb1e6_4703,Savanes,Tandjoaré,Tandjoaré 1,Nandoga,MOUMOUANE,Moumouane Pak,2001,"MULTIPOLYGON (((0.2374041286994154 10.647306636890608, 0.2372329398269355 10.645777153205012, 0.2377311540466186 10.644884891135264, 0.2376772161133438 10.643685824821926, 0.2391504766469072 10.642353825050288, 0.2394274979721525 10.642402013463617, 0.2387727780731698 10.641161054702218, 0.2375050788725056 10.640207479144152, 0.23686904863244 10.63997313381893, 0.23560930384021 10.640190763697934, 0.2354038882515783 10.64143328826454, 0.2356530225466868 10.643549028288954, 0.2349795179411628 10.645418738636753, 0.2341899820672453 10.64477130236393, 0.2327651608504329 10.64483191634424, 0.2328640788757984 10.646168618849527, 0.2334051602360535 10.646676621513093, 0.2340169243052348 10.647551228643982, 0.23497416571449 10.648062904666771, 0.2363164329362272 10.647928359399172, 0.2374041286994154 10.647306636890608)))"
_mview_forets_zones_protegees.fid-7b1c8a4a_193e3fcb1e6_4704,Savanes,Oti,Oti 2,Galangashie,Ganlagashi,Forêt classée Galaganshi,1900,"MULTIPOLYGON (((0.3847342674154598 10.475370524800555, 0.3881980300412714 10.468722306391935, 0.3944608878770177 10.458442302708422, 0.3944608878770177 10.458442302708422, 0.3977687446883451 10.453409078682817, 0.399472330033166 10.44491892593588, 0.4074385086125499 10.434582041296084, 0.4136853590653867 10.426058261359067, 0.4055847197484409 10.418402161696454, 0.402356103162124 10.413948205703537, 0.3780140513504565 10.39317316458855, 0.3671752605795847 10.370819771767929, 0.3672556736943077 10.361196391072678, 0.3611794196122657 10.341898568642556, 0.3538019479744906 10.322159196858907, 0.3420012668337254 10.32838235416493, 0.3292753528641555 10.341061027346047, 0.3147822253016758 10.356740565441132, 0.311011506528788 10.373658134646252, 0.3212815363389083 10.394140458371249, 0.3428318989606821 10.436118904205156, 0.3490621514629698 10.454269313546703, 0.37786862330646 10.479788720062523, 0.3778601615868976 10.48079414925205, 0.3847342674154598 10.475370524800555)))"
